<object-stream>
  <vector>
    <string>SuMAnwendung</string>
    <sum.generator.KomponentenBeschreibung>
      <hatEreignisListe>
        <int>0</int>
        <int>1</int>
        <int>3</int>
        <int>4</int>
      </hatEreignisListe>
      <zTyp>2</zTyp>
      <zInhalt></zInhalt>
      <zBezeichner>hatTextfeld1</zBezeichner>
      <zGeklicktBearbeiter>komponenteGeklickt</zGeklicktBearbeiter>
      <zAusrichtung>0</zAusrichtung>
      <zStandardEreignis>-1</zStandardEreignis>
      <zLinks>208</zLinks>
      <zOben>23</zOben>
      <zBreite>100</zBreite>
      <zHoehe>25</zHoehe>
    </sum.generator.KomponentenBeschreibung>
    <sum.generator.KomponentenBeschreibung>
      <hatEreignisListe/>
      <zTyp>0</zTyp>
      <zInhalt>&lt;- Wiederholungen der Zahlenfolge (n)</zInhalt>
      <zBezeichner>hatEtikettWiederholungen</zBezeichner>
      <zGeklicktBearbeiter>komponenteGeklickt</zGeklicktBearbeiter>
      <zAusrichtung>1</zAusrichtung>
      <zStandardEreignis>-1</zStandardEreignis>
      <zLinks>308</zLinks>
      <zOben>23</zOben>
      <zBreite>200</zBreite>
      <zHoehe>25</zHoehe>
    </sum.generator.KomponentenBeschreibung>
    <sum.generator.KomponentenBeschreibung>
      <hatEreignisListe/>
      <zTyp>0</zTyp>
      <zInhalt>Ergebnis:</zInhalt>
      <zBezeichner>hatEtikettErgebnisText</zBezeichner>
      <zGeklicktBearbeiter>komponenteGeklickt</zGeklicktBearbeiter>
      <zAusrichtung>0</zAusrichtung>
      <zStandardEreignis>-1</zStandardEreignis>
      <zLinks>208</zLinks>
      <zOben>72</zOben>
      <zBreite>200</zBreite>
      <zHoehe>25</zHoehe>
    </sum.generator.KomponentenBeschreibung>
    <sum.generator.KomponentenBeschreibung>
      <hatEreignisListe>
        <int>0</int>
        <int>1</int>
        <int>2</int>
      </hatEreignisListe>
      <zTyp>1</zTyp>
      <zInhalt>Berechne das Ergebis der Zahlenfolge f�r n </zInhalt>
      <zBezeichner>hatKnopfBerechneDasErgebisDerZahlenfolgeFuerN</zBezeichner>
      <zGeklicktBearbeiter>komponenteGeklickt</zGeklicktBearbeiter>
      <zAusrichtung>-1</zAusrichtung>
      <zStandardEreignis>2</zStandardEreignis>
      <zLinks>208</zLinks>
      <zOben>48</zOben>
      <zBreite>300</zBreite>
      <zHoehe>25</zHoehe>
    </sum.generator.KomponentenBeschreibung>
    <sum.generator.KomponentenBeschreibung>
      <hatEreignisListe/>
      <zTyp>0</zTyp>
      <zInhalt></zInhalt>
      <zBezeichner>hatEtikettErgebnis</zBezeichner>
      <zGeklicktBearbeiter>komponenteGeklickt</zGeklicktBearbeiter>
      <zAusrichtung>0</zAusrichtung>
      <zStandardEreignis>-1</zStandardEreignis>
      <zLinks>408</zLinks>
      <zOben>72</zOben>
      <zBreite>100</zBreite>
      <zHoehe>25</zHoehe>
    </sum.generator.KomponentenBeschreibung>
  </vector>
</object-stream>