<object-stream>
  <vector>
    <string>SuMAnwendung</string>
    <sum.generator.KomponentenBeschreibung>
      <hatEreignisListe>
        <int>0</int>
        <int>1</int>
        <int>3</int>
        <int>4</int>
      </hatEreignisListe>
      <zTyp>2</zTyp>
      <zInhalt></zInhalt>
      <zBezeichner>Groesse</zBezeichner>
      <zGeklicktBearbeiter>komponenteGeklickt</zGeklicktBearbeiter>
      <zAusrichtung>0</zAusrichtung>
      <zStandardEreignis>-1</zStandardEreignis>
      <zLinks>208</zLinks>
      <zOben>23</zOben>
      <zBreite>200</zBreite>
      <zHoehe>25</zHoehe>
    </sum.generator.KomponentenBeschreibung>
    <sum.generator.KomponentenBeschreibung>
      <hatEreignisListe>
        <int>0</int>
        <int>1</int>
        <int>3</int>
        <int>4</int>
      </hatEreignisListe>
      <zTyp>2</zTyp>
      <zInhalt></zInhalt>
      <zBezeichner>Gewicht</zBezeichner>
      <zGeklicktBearbeiter>komponenteGeklickt</zGeklicktBearbeiter>
      <zAusrichtung>0</zAusrichtung>
      <zStandardEreignis>-1</zStandardEreignis>
      <zLinks>208</zLinks>
      <zOben>48</zOben>
      <zBreite>200</zBreite>
      <zHoehe>25</zHoehe>
    </sum.generator.KomponentenBeschreibung>
    <sum.generator.KomponentenBeschreibung>
      <hatEreignisListe>
        <int>0</int>
        <int>1</int>
        <int>3</int>
        <int>4</int>
      </hatEreignisListe>
      <zTyp>2</zTyp>
      <zInhalt></zInhalt>
      <zBezeichner>Alter</zBezeichner>
      <zGeklicktBearbeiter>komponenteGeklickt</zGeklicktBearbeiter>
      <zAusrichtung>0</zAusrichtung>
      <zStandardEreignis>-1</zStandardEreignis>
      <zLinks>208</zLinks>
      <zOben>73</zOben>
      <zBreite>200</zBreite>
      <zHoehe>25</zHoehe>
    </sum.generator.KomponentenBeschreibung>
    <sum.generator.KomponentenBeschreibung>
      <hatEreignisListe>
        <int>0</int>
        <int>1</int>
        <int>2</int>
      </hatEreignisListe>
      <zTyp>1</zTyp>
      <zInhalt>Mann</zInhalt>
      <zBezeichner>hatKnopfMann</zBezeichner>
      <zGeklicktBearbeiter>komponenteGeklickt</zGeklicktBearbeiter>
      <zAusrichtung>-1</zAusrichtung>
      <zStandardEreignis>2</zStandardEreignis>
      <zLinks>208</zLinks>
      <zOben>100</zOben>
      <zBreite>100</zBreite>
      <zHoehe>25</zHoehe>
    </sum.generator.KomponentenBeschreibung>
    <sum.generator.KomponentenBeschreibung>
      <hatEreignisListe>
        <int>0</int>
        <int>1</int>
        <int>2</int>
      </hatEreignisListe>
      <zTyp>1</zTyp>
      <zInhalt>Frau</zInhalt>
      <zBezeichner>hatKnopfFrau</zBezeichner>
      <zGeklicktBearbeiter>komponenteGeklickt</zGeklicktBearbeiter>
      <zAusrichtung>-1</zAusrichtung>
      <zStandardEreignis>2</zStandardEreignis>
      <zLinks>308</zLinks>
      <zOben>100</zOben>
      <zBreite>100</zBreite>
      <zHoehe>25</zHoehe>
    </sum.generator.KomponentenBeschreibung>
    <sum.generator.KomponentenBeschreibung>
      <hatEreignisListe/>
      <zTyp>0</zTyp>
      <zInhalt>&lt;- Dein Gewicht in kg</zInhalt>
      <zBezeichner>hatEtikettDeinGewichtInKg</zBezeichner>
      <zGeklicktBearbeiter>komponenteGeklickt</zGeklicktBearbeiter>
      <zAusrichtung>0</zAusrichtung>
      <zStandardEreignis>-1</zStandardEreignis>
      <zLinks>410</zLinks>
      <zOben>23</zOben>
      <zBreite>150</zBreite>
      <zHoehe>25</zHoehe>
    </sum.generator.KomponentenBeschreibung>
    <sum.generator.KomponentenBeschreibung>
      <hatEreignisListe/>
      <zTyp>0</zTyp>
      <zInhalt>&lt;- Deine Gr��e in cm </zInhalt>
      <zBezeichner>hatEtikettGroesse</zBezeichner>
      <zGeklicktBearbeiter>komponenteGeklickt</zGeklicktBearbeiter>
      <zAusrichtung>0</zAusrichtung>
      <zStandardEreignis>-1</zStandardEreignis>
      <zLinks>410</zLinks>
      <zOben>48</zOben>
      <zBreite>150</zBreite>
      <zHoehe>25</zHoehe>
    </sum.generator.KomponentenBeschreibung>
    <sum.generator.KomponentenBeschreibung>
      <hatEreignisListe/>
      <zTyp>0</zTyp>
      <zInhalt>&lt;- Dein Alter</zInhalt>
      <zBezeichner>hatEtikettAlter</zBezeichner>
      <zGeklicktBearbeiter>komponenteGeklickt</zGeklicktBearbeiter>
      <zAusrichtung>0</zAusrichtung>
      <zStandardEreignis>-1</zStandardEreignis>
      <zLinks>410</zLinks>
      <zOben>73</zOben>
      <zBreite>150</zBreite>
      <zHoehe>25</zHoehe>
    </sum.generator.KomponentenBeschreibung>
    <sum.generator.KomponentenBeschreibung>
      <hatEreignisListe/>
      <zTyp>0</zTyp>
      <zInhalt>&lt;- Dein Geschlecht</zInhalt>
      <zBezeichner>hatEtikettGeschlecht</zBezeichner>
      <zGeklicktBearbeiter>komponenteGeklickt</zGeklicktBearbeiter>
      <zAusrichtung>0</zAusrichtung>
      <zStandardEreignis>-1</zStandardEreignis>
      <zLinks>410</zLinks>
      <zOben>100</zOben>
      <zBreite>150</zBreite>
      <zHoehe>25</zHoehe>
    </sum.generator.KomponentenBeschreibung>
    <sum.generator.KomponentenBeschreibung>
      <hatEreignisListe>
        <int>0</int>
        <int>1</int>
        <int>2</int>
      </hatEreignisListe>
      <zTyp>1</zTyp>
      <zInhalt>Kalorien ausrechner</zInhalt>
      <zBezeichner>hatKnopfRechnen</zBezeichner>
      <zGeklicktBearbeiter>komponenteGeklickt</zGeklicktBearbeiter>
      <zAusrichtung>-1</zAusrichtung>
      <zStandardEreignis>2</zStandardEreignis>
      <zLinks>208</zLinks>
      <zOben>150</zOben>
      <zBreite>353</zBreite>
      <zHoehe>25</zHoehe>
    </sum.generator.KomponentenBeschreibung>
    <sum.generator.KomponentenBeschreibung>
      <hatEreignisListe/>
      <zTyp>0</zTyp>
      <zInhalt></zInhalt>
      <zBezeichner>hatEtikettzKalorien</zBezeichner>
      <zGeklicktBearbeiter>komponenteGeklickt</zGeklicktBearbeiter>
      <zAusrichtung>0</zAusrichtung>
      <zStandardEreignis>-1</zStandardEreignis>
      <zLinks>208</zLinks>
      <zOben>180</zOben>
      <zBreite>150</zBreite>
      <zHoehe>25</zHoehe>
    </sum.generator.KomponentenBeschreibung>
    <sum.generator.KomponentenBeschreibung>
      <hatEreignisListe/>
      <zTyp>0</zTyp>
      <zInhalt>&lt;- Deine Kalorien</zInhalt>
      <zBezeichner>hatEtikettKalorien</zBezeichner>
      <zGeklicktBearbeiter>komponenteGeklickt</zGeklicktBearbeiter>
      <zAusrichtung>0</zAusrichtung>
      <zStandardEreignis>-1</zStandardEreignis>
      <zLinks>358</zLinks>
      <zOben>180</zOben>
      <zBreite>203</zBreite>
      <zHoehe>25</zHoehe>
    </sum.generator.KomponentenBeschreibung>
  </vector>
</object-stream>